SKU,Barcode,Name,Price
1,731199033318,"Carbon Premiun ""el alargue""",2800
2,7804653341045,"Papel Higienico 6 rollos 20metros ""Swan""",1500
3,7806500508335,"Papel Higienico 6 rollos 23metros ""Noble""",1500
4,7806500505006,"PH 2 rollos 30metros ""Confort""",1500
5,7809604026644,"PH 6 rollos ""Scott""",1800
6,7806500406389,"Toalla Papel 100metros ""Abolengo""",2800
7,7806500406860,"Toalla Papel 70metros ""Nova""",2800
8,661094233585,"Servilletas 300 ""Giulietta""",1500
9,7806500406709,"Toalla Papel 3 rollos Clasica ""Nova""",1400
10,7806540004569,"Toalla Papel 2 rollos 24metros ""Tork""",1600
11,7805364712575,"Alguicida 5litros ""Tekom""",5500
12,606110405928,"Cera Pintura Premium 5litros ""Gabriel""",6990
13,606110405829,"Antigrasa 5litros ""Gabriel""",6990
14,606110406079,"Limpiaparabrisas 5l ""Gabriel""",0
15,7805045000120,"Detergente liquido 3l ""Popeye""",13500
16,7804920280695,"Suavizante 1l ""Fuzol""",1500
17,7804920283030,"Limpiador baño 1l ""Fuzol""",1500
18,7804920012166,"Jabon liquido Arandano 750ml ""Ballerina""",1500
19,7804920003065,"Jabon liquido Aceite de coco y Jazmin 750ml ""Ballerina""",0
20,7804920002761,"Jabon liquido Berries y Vainilla 750ml ""Ballerina""",1500
21,7804920350862,"Jabon liquido Hipoalergenico 750ml ""Ballerina""",1500
22,7804920350831,"Jabon liquido Crema humectante 750ml ""Ballerina""",1500
23,7804920055040,"Acondicionador Manzanilla 750ml ""Ballerina""",1500
24,7804920005861,"Shampoo Agua de coco 750ml ""Ballerina""",1500
25,7804920006905,"Shampoo Durazno y Aceite de jojoba 750ml ""Ballerina""",1500
26,7804920008701,"Shampoo Aceite de coco, Argan y Almendra 750ml ''Ballerina''",1500
27,7804920007155,"Shampoo Mango y Aceite de argan 750ml ""Ballerina""Shampoo Mango y Aceite de argan 750ml ""Ballerina""",1500
28,7804920019349,"Shampoo Hipoalergenico 750ml ""Ballerina""",1500
29,7804920003225,"Shampoo Palta y Almendra 750ml ""Ballerina""",1500
30,7804920006172,"Shampoo Maqui, Acai y Te verde 750ml ''Ballerina''",1500
31,7891150067707,"Detergente liquido 500ml ""OMO""",5500
32,7891150000971,"Suavizante Oleo de argan 500ml ""Confort""",0
33,7805045001080,"Jabon Hipoalergenico ""Popeye""",1300
34,7751851005999,"Ambientador aerosol potpourrí de flores 360ml ""Sapolio""",1900
35,7751851005982,"Ambientador aerosol Lavanda silvestre 360ml ""Sapolio""",1900
36,7751851025218,"Ambientador aerosol Manzana y canela 360ml ""Sapolio""",1900
37,7805040313034,"Lustramuebles Biodegradable 250ml ""Virginia""",1800
38,7805300049314,"Raticidas Ratanax Pellets 100grs ""Tanax""",2800
39,7751851559324,"Sacagrasa Limon 650ml ""Sapolio",1900
40,7790520995452,"Desinfectante Multisuperficie 450cc ""Lysoform""",1600
41,7790520998835,"Limpiador liquido aerosol SCJohnson 500cc ""Mr.Musculo""",3200
42,7790520995438,"Desinfectante multisuperficie SCJohnson 500cc ""Lysoform""",0
43,7790520995520,"Limpiador multisuperficie y electrónicos SCJohnson 500cc ""Blem""",0
44,7790520004307,"Limpiador electrónicos y superficies delicadas SCJohnson 235ml ""Blem""",2500
45,7790520025654,"Liquido eléctrico contra mosquitos y zancudos SCJohnson 33ml ""Raid""",7500
46,7790520995476,"Lustramuebles aerosol acero inoxidable y metal limon SCJohnson 360ml ""Blem""",3900
47,7790520996046,"Aromatizante aerosol flores tropicales y coco SCJohnson 270cc ""Glade""",7500
48,7790520996657,"Aromatizante aerosol Aire de playa SCJohnson 270cc ""Glade""",7500
49,7790520995964,"Aromatizante aerosol Limon refrescante SCJohnson 170cc ""Glade""",0
50,7790520995971,"Aromatizante aerosol Lavanda y vainilla SCJohnson 170cc ""Glade""",0
51,7501032924003,"Aromatizante aerosol Campos de lavanda SCJohnson 275cc ""Glade",1900
52,7501032924010,"Aromatizante aerosol Alegria floral y frutos rojos SCJohnson 170cc ""Glade""",0
53,7790520998255,"Aromatizante aerosol Potpourri SCJohnson 360cc ""Glade""",2600
54,7790520998194,"Aromatizante aerosol Placer floral y frutos rojos SCJohnson 360cc ""Glade""",2600
55,7790520998262,"Aromatizante aerosol Campos de lavanda SCJohnson 360cc ""Glade""",2600
56,7790520998279,"Aromatizante aerosol Limon refrescante SCJohnson 360cc ""Glade""",2600
57,7790520998200,"Aromatizante aerosol Flores tropicales y coco SCJohnson 360cc ""Glade""",2600
58,7790520998286,"Aromatizante aerosol Paraiso azul SCJohnson 360cc ""Glade""",2600
59,7790520998187,"Aromatizante aerosol Encanto de vainilla SCJohnson 360cc ""Glade""",2400
60,7804673570074,Escoba (DEPRECATED),2100
61,7804678800015,"Detergente liquido 5L ""RO""",3800
62,7805040002136,"Lavalozas biodegradable Limon citrus 1L ""Virginia""",0
63,7804920280619,"Lavalozas Powercitrus 1L ""Fuzol""",0
64,7791290795167,"Detergente liquido 450ml ""OMO",0
65,7790520995537,"Limpiador multisuperficies y electrónicos Recargas liquida SCJohnson 450cc ""Blem""",2200
66,7751851003964,"Limpiavidrios multiusos 500ml ""Sapolio""",1200
67,7791290794450,"Limpiador vidrios y multiusos Recarga liquida 450ml ""Cif""",0
68,7790520012395,"Limpiador liquido Baño Recarga liquida SCJohnson 450cc ""Mr.Musculo""",2300
69,7790520012494,"Limpiador liquido Vidrios y multiusos Recarga liquida SCJohnson 450cc ""Mr.Musculo""",0
70,7790520989833,"Limpiador liquido Baño Recarga liquida SCJohnson 450cc ""Mr.Musculo""",0
71,7805040005410,"Ceracrema Incolora 340ml ""Brillina""",1900
72,7805040005397,"Ceracrema Amarilla 340ml ""Brillina""",1900
73,7805040001856,"Limpiador Piso flotante y laminados Lavanda 400ml ""Virginia""",0
74,7790520995582,"Cera liquida Incolora Recarga liquida SCJohnsons 400cc ""Blem""",0
75,7790520995674,"Limpiador de piso plastificado y flotante Citrus Recarga liquida SCJohnson 400cc ""Blem""",0
76,7790520995605,"Cera liquida Rojo Recarga liquida SCJohnson 400cc ""Blem""",0
77,7805000322014,"Lavalosas 750ml ""Quix""",1950
78,7805000322045,"Lavalosas 200ml ""Quix""",1000
79,7793253003548,"Limpiador aromatizante Flores de primavera 900ml ""Poett""",1900
80,7790520995483,"Lustramuebles en aerosol Brillo y protección para madera SCJohnson 420ml ""Blem""",0
81,7501032970079,"Destapacaños liquido 946ml ""Drano""",0
82,7790520016348,"Limpiador liquido desinfectante Floral perfection SCJohnson 900ml ""Lysoform""",0
83,7790520016324,"Limpiador liquido desinfectante Bosque de pinos SCJohnson 900ml ""Lysoform""",0
84,7790520991881,"Limpiador liquido desinfectante Floral perfection SCJohnson 500ml ""Lysoform""",0
85,7790520991874,"Limpiador liquido desinfectante Lavanda SCJohnson 500ml ""Lysoform""",0
86,7790520001023,Limpiador liquido desinfectante multisuperficies Floral perfection SCJohnson 900cc,0
87,7790520001009,Limpiador liquido desinfectante multisuperficies Campos de lavanda SCJohnson 900cc,0
88,7790520991867,"Limpiador liquido desinfectante multisuperficies Harmony SCJohnson 500cc ""Glade""",0
89,7790520990648,"Desinfectante aerosol original SCJohnson 285cc ""Lysoform""",3200
90,7790520998125,"Desinfectante aerosol original SCJohnson 420cc ""Lysoform""",0
91,7790520002327,"Matamoscas y mosquitos Sin olor SCJohnson 235cc ""Raid""",0
92,7790520002273,"Casa y jardín SCJohnson 235cc ""Raid""",0
93,7790520992222,"Insecticida Matacucarachas y hormigas SCJohnson 360cc ""Raid""",0
94,7790520007155,"Insecticida TODO insecto Mata moscas zancudos hormigas y arañas SCJohnson 360cc ""Raid""",0
95,7790520982100,"Insecticida Mataarañas SCJohnson 360cc ""Raid""",0
96,7790520997524,"Insecticida Casa y jardín SCJohnson 360cc ""Raid""",0
97,7790520009920,"Insecticida Matahormigas SCJohnson 390cc ""Raid""",0
98,7790520009890,"Insecticida Polillas y larvas SCJohnson 390cc ""Raid""",0
99,7790520009906,"Insecticida Matapulgas y garrapatas SCJohnson 335cc ""Raid""",0
100,7790520508607,"Insecticida Matamosquitos y zancudos Sin olor SCJohnson 360cc ""Raid""",0
101,7790520025487,"Insecticida TODO insecto SCJohnson 360cc ""Baygon""",0
102,7790520984531,"Insecticida Extermina cucarachas y arañas Mata rapido SCJohnson 360cc ""Baygon""",0
103,7790520991522,"Insecticida Extermina cucarachas y arañas SCJohnson 450cc ""Baygon""",0
104,7790520991546,"Insecticida Casa y jardín SCJohnson 450cc ""Baygon""",0
105,7790520991539,"Insecticida Matamoscas y mosquitos SCJohnson 450cc ""Baygon""",0
106,1,"Detergente 5L ""Supermil""",1500
107,745853001162,"Detergente con suavizante 3L ""Bio klinning""",0
108,7804932110188,"Lavalozas concentrado Limon 5L ""Brik's""",3900
109,7804932110102,"Detergente liquido Blanqueado 5L ""Brik's""",3900
110,7809886548759,"Detergente liquido Toque suavizante 5L ""Brik's""",3900
111,745853457327,"Detergente liquido Aroma residual Matic 5L ""AIS""",3500
112,614143698638,"Detergente liquido Calidad y ahorro Matic 5L ""Maxi""",0
113,7804560005863,"Detergente cloro Multiuso 5L ""Powerclean""",2000
114,9789876543841,"Jabon liquido 5L ""Supermil""",0
115,764451149847,"Detergente liquido 5L ""Powerclean""",2000
116,745853001490,"Detergente liquido Hipoalergenico 5L ""Powerclean""",2000
117,7805080100021,"Cloro concentrado 1000g ""Clorinda""",0
118,7805080692519,"Cloro concentrado 500g ""Clorinda""",1100
119,7805080100014,"Cloro concentrado 250g ""Clorinda""",750
120,7805025690419,"Desinfectante cloro quitamanchas Blanco intenso 370g ""Clorox""",1000
121,7805025693731,"Desinfectante cloro quitamanchas Colores vivos 370g ""Clorox""",1200
122,2,Pastillas de cloro,150
123,12525568972,"Pack 4 velas Extragrande ""Winnex""",0
124,7804603464947,"Pack 4 velas Chicas ""Puerto Varas""",0
125,7808304315171,"Suavizante y perfume Clasico 1L Nikoll ""Suavecito""",0
126,7805000141271,"Suavizante y perfume Clasico 1L ""Soft""",2200
127,7805000313715,"Detergente en polvo Ultrapower 800g ""OMO""",2500
128,7805000313722,"Detergente en polvo Ultrapower 400g ""OMO""",1500
129,7805000313777,"Detergente en polvo Lavado a mano 400g ""OMO""",1500
130,7805000313616,"Detergente en polvo Aloe Vera 400g ""OMO""",1500
131,7500435111270,"Detergente en polvo Ropa blanca y color 400g ""Ariel""",1800
132,7500435237215,"Detergente en polvo Ropa blanca y color 700g ""Ariel""",2800
133,7804609730534,"Detergente en polvo Naturaleza Matic 800g ""Bio Frescura""",1800
134,7804609730268,"Detergente en polvo Limpieza profunda Matic 800g ""Bio Frescura""",1800
135,7804609730176,"Detergente en polvo Limpieza profunda verde Matic 800g ""Bio Frescura""",1800
136,606110405843,"Limpiavidrios Vidrios sin rayas 5L ""Gabriel""",0
137,606110405836,"Limpiavidrios Vidrios sin rayas 900ml ""Gabriel""",1000
138,7803879023544,"Cloro ""Supermil""",0
139,3,"Limpiapisos ""Supermil""",1500
140,7808304315881,"Bolsa de Basura 50x70 ""Teddy""",800
141,7808304315898,"Bolsa de Basura 70x90 ""Teddy""",1200
142,7808304315904,"Bolsa de Basura 80x110 ""Teddy""",1800
143,7808304315874,"Bolsa de Basura 90x120 ""Teddy""",2500
144,7808304316444,"Bolsa de Basura 105x150 ""Teddy""",4500
145,7805050582901,"Pack Silicona y Cera aerosol 60cc ""kit""",7800
146,7805050582420,"Pack Silicona y Renovador 60cc ""kit""",7800
147,7808304315850,"Esponja Dorada ""Teddy""",400
148,7806800002014,"Lana Multiuso ""Manlac""",300
149,4,Esponjas Varias,350
150,7806800001031,"Virutilla mediana 4unidades ""Gruesa""",600
151,5,Paño Grande Amarillo $800 // 2x$1500,800
152,6,Paño Algodon Blanco,1000
153,7,"Paño amarillo ""Ruddy Spa"" $300 //4x$1000",300
154,606110405911,"Cera Pintura Premium 2lt ""Gabriel""",3300
155,6061104059,"Cera Pintura Premium 1lt ""Gabriel""",2100
156,606110405935,"Cera Acrilico Auto Blanco 1lt ""Gabriel""",2400
157,7805187051899,"Cera Crema Natural ""Cienll""",1100
158,155717,"Aerosol Aroma Auto Black 500ml ""Deosol""",2500
159,745853457341,"Aerosol Aroma Auto Red 500ml ""Deosol""",2500
160,741,"Silicona Liquida ""JJ""",2500
161,658325401097,"Shampoo para Autos Rosado 1lt ""Gabriel""",1500
162,7802013769621,"Jabon Mecanico ""Tekom""",1700
163,658325401066,"Limpia Parabrisas Azul 1lt ""Gabriel""",1200
164,3650,"Shampoo de alfrombra y tapices ""JJ""",1900
165,1489,"Saca Sarro Gel ""JJ""",1500
166,745853457273,"Eliminador de Sarro 1lt ""JJ""",1900
167,606110405805,"Antigrasa Rojo 1lt ""Gabriel""",1300
168,606110405812,"Antigrasa Rojo 2lt ""Gabriel""",1900
169,606110405676,"Lavalosas limon 2lt ""Gabriel""",1800
170,7805040001825,"Clorogel Lavanda 900ml ""Igenix""",1500
171,8,Virutilla Suelta por unidad,300
172,9,Trapero Microfibra Grande Colores por unidad,1200
173,10,"Esponja Clasica Amarilla Acanalada ""Bid's"" $300 // 4x$1000",300
174,7802420007392,"Papas Corte americano 380g ""Marco Polo""",3800
175,7802420002359,"Papas Rusticas sabor Merken 185g ""Marco Polo""",2400
176,7802420002182,"Papas Rusticas sabor Sal de Mar 185g ""Marco Polo",2400
177,7802420001864,"Papas Sabor Jamon Serrano 200g ""Marco Polo""",0
178,7802420001840,"Papas Sabor Crema y Ciboulette 200g ""Marco Polo""",0
179,7802420010347,"Sufles de Papa Crunchis 200g ""Marco Polo""",2000
180,7802420010323,"Sufle de Mani Crunchis 200g ""Marco Polo""",2000
181,11,Bidon de agua 20lt,1500
182,7801610591116,"Bebida desechable 591ml ""Fanta""",1300
183,7801610002193,"Bebida Lata Grande 350ml ""Fanta""",1000
184,7801610223192,"Bebida Lata Grande sin Azúcar 350ml ""Sprite""",1000
185,7801610005194,"Bebida lata Grande 350ml ""Sprite""",1000
186,7801610591888,"Bebida desechable sin Azúcar 591ml ""Sprite""",1300
187,7801610591994,"Bebida desechable 591ml ""Sprite""",1300
188,7801610125250,"Bebida Retornable 1.25l ""Fanta""",1400
189,7801610005262,"Bebida Desechable 1.5l ""Sprite""",2300
190,7801610125359,"Bebida Retornable 1.25l ""Sprite""",1400
191,7801610002285,"Bebida Retornable 2lt ""Fanta""",1800
192,7801610005286,"Bebida Retornable 2l ""Sprite""",1800
193,7801610333129,"Bebida Retornable 3l ""Coca Cola""",2600
194,7801610005651,"Bebida Desechable 3l ""Sprite""",3200
195,7801610333525,"Bebida Retornable 3l ""Sprite""",2600
196,7801610001295,"Bebida Retornable 2l ""Coca Cola""",1800
197,7801610350256,"Bebida Retornable sin Azúcar 2l ""Coca Cola""",1800
198,7801610001165,"Bebida Retornable 1.25l ""Coca Cola""",1400
199,7801610001622,"Bebida Desechable 1.5l ""Coca Cola""",2300
200,7801610350409,"Bebida Desechable sin Azúcar 1.5l ""Coca Cola""",2300
201,7801610000601,"Bebida Desechable sin Azúcar 591ml ""Coca Cola""",1300
202,7801610000571,"Bebida Desechable 591ml ""Coca Cola""",1300
203,7801610022122,"Bebida Lata Grande Light 350ml ""Coca Cola""",1000
204,7801610001196,"Bebida Lata Grande 350ml ""Coca Cola""",1000
205,7801610350355,"Bebida Lata Grande Zero 350ml  ""Coca Cola""",1000
206,70847009511,"Bebida Energetica Clasica L-carnitina+Taurina+Guarana+VitaminaB 473ml ""Monster""",1800
207,70847033219,"Bebida Energetica Zero Sugar L-carnitina+Taurina+VitaminaB 473ml ""Monster""",1800
208,70847890331,"Bebida Energetica Ultra Watermelon 473ml ""Monster""",1800
209,70847021964,"Bebida Energetica Ultra 473ml ""Monster""",1800
210,70847009559,"Bebida Energetica Energy+Jugo 473ml ""Monster""",1800
211,70847035800,"Bebida Energetica Energy Mango Loco 473ml ""Monster",1800
212,7802820678017,"Bebida Deportiva Frozen Blast Zero Calorias 1.1l ""Power Ade""",1600
213,7802820678024,"Bebida Deportiva Lima Limon Zero Calorias 1.1l ""Power Ade""",1600
214,7802820670998,"Bebida Deportiva Uva Zero Calorias 600ml ""Power Ade""",1100
215,7801620009137,"Bebida Deportiva Maracuya 1l ""Gatorade""",1800
216,7801620005153,"Bebida Deportiva Frutas Tropicales 1l ""Gatorade""",1800
217,12,Gatorade chica 0.75l,1100
218,7801620006877,"Bebida Desechable sin Azúcar o Zero Azucar 2l ""Pepsi""",2000
219,7801620008055,"Bebida Desechable 2lt ""Canada Dry""",2300
220,7801620008123,"Bebida Desechable sin Azúcar 2l ""Kem""",2000
221,7801620006501,"Bebida Desechable sin azúcar Zero 2l ""Bilz""",2000
222,7801620006518,"Bebida Desechable sin azúcar Zero 2l ""Pap""",2000
223,7801620009687,"Jugo Watts sin azúcar 1.5l ""Tuttiarandano""",2000
224,7801620853396,"Jugo Watts sin Azúcar 1.5l ""Naranja""",2000
225,7801620008796,"Jugo Watts sin Azúcar 1.5l ""Mango""",2000
226,7801620000738,"Jugo Watts sin azúcar 1.5l ""Durazno""",2000
227,7801620002916,"Jugo Watts sin azúcar 1.5l ""Tuttifrutilla""",2000
228,7801620006341,"Jugo Watts sin azúcar 1.5l ""Piña""",2000
229,7809638200737,"Bebida Frutal 3l ""Piri""",1400
230,7809638200669,"Bebida Piña 3l ""Piri""",1400
231,7809638200683,"Bebida Ginger Ale 3l ""Piri""",1400
232,7809638200744,"Bebida Papaya 3l ""Piri""",1400
233,7801620009830,"Te negro frio Sabor Durazno ""Lipton""",2000
234,9002490238841,"Bebida Energetica Grande 473ml ""Redbull""",2700
235,9002490100070,"Bebida Energetica Chica 250ml ""Redbull""",1700
236,9002490214852,"Bebida Energetica Chica sin azucar 250ml ""Redbull""",1700
237,798190243177,"Bebida Energetica Clasica 500ml ""Score""",1400
238,742832751988,"Bebida Energetica Gorilla Guarana 500ml ""Score""",1400
239,7802820600100,"Agua con gas 600ml ""Vital""",600
240,7802820441000,"Agua Premium sin gas 500ml ""Benedectino""",600
241,7802820441123,"Agua Premium con gas 500ml ""Benedectino""",600
242,7801620009694,"Agua con gas 600ml ""Cachantun""",600
243,7801620009342,"Bebida Desechable sin azúcar 600ml ""Pepsi""",1300
244,7801620009502,"Bebida Desechable 600ml ""Bilz""",1300
245,7801620009373,"Bebida Desechable 600ml ""Pepsi""",1300
246,7801620009380,"Bebida Desechable 600ml ""Pap""",1300
247,7801620009441,"Bebida Desechable 600ml ""Kem""",1300
248,7804651931910,"Suero sin azúcar sabor Naranja 630ml ""Suerox""",2900
249,7804651931903,"Suero sin azúcar sabor Arandano-Pomelo 630ml ""Suerox",2900
250,6973524800125,"Bebida con piña de Aloe Vera 500ml ""Davinci""",1400
251,7801620855253,"Bebida Desechable 250ml ""Pepsi""",500
252,7801620003845,"Bebida Express 237ml ""Pepsi""",500
253,7801620003852,"Bebida Express 237ml ""Kem""",500
254,7801610880104,"Bebida Express 237ml ""Coca Cola""",500
255,7801610560174,"Bebida Express 237ml ""Sprite""",500
256,7801620003869,"Bebida Express 237ml ""Bilz""",500
257,7801620003876,"Bebida Express 237ml ""Pap""",500
258,7801620011666,"Jugo sabor durazno 300ml ""Watts""",1000
259,7801620006846,"Bebida Lata Grande sin azúcar Zero  350ml ""Pepsi""",1000
260,7801620290184,"Bebida Lata Grande 350ml ""Bilz""",1000
261,7801620340155,"Bebida Lata Grande 350ml ""Limon Soda""",1000
262,7801620852580,"Bebida Lata Grande 350ml ""Kem""",1000
263,7801620852689,"Bebida Lata Grande 350ml ""Pepsi""",1000
264,7801620003500,"Jugo Watts 1.5l ""Tuttiarandano""",2000
265,7801620011604,"Jugo Watts 1.5l ""Naranja""",2000
266,7801620001902,"Jugo Watts 1.5l ""Manzana""",2000
267,7801620011635,"Jugo Watts 1.5l ""Piña""",2000
268,7801620011611,"Jugo Watts 1.5l ""Durazno""",2000
269,7801620004132,"Jugo Watts 1.5l ""Naranja Platano""",2000
270,7801620001841,"Jugo Watts 1.5l ""Tuttifrutilla""",2000
271,7801620019686,"Bebida Retornable 2.5l ""Canada Dry Ginger Ale""",2000
272,7801620172800,"Bebida Retornable 2.5l ""Bilz""",2000
273,7801620002305,"Bebida Retornable 2.5l ""Limon Soda""",2000
274,7801620001889,"Bebida Retornable 2.5l ""Kem""",2000
275,7801620001957,"Bebida Retornable 2.5l ""Pepsi""",2000
276,7801620001964,"Bebida Retornable 2.5l ""Crush""",2000
277,7801620172725,"Bebida Retornable 2.5l ""Pap""",2000
278,7801930010380,"Hamburguesa de Vacuno 100g ""Receta del Abuelo""",900
279,7809611719058,"Pollo en cubos Superpollo 300g ""Cubitos de Pollo""",2500
280,7809611719959,"Hamburguesa Tradicional 100g ""SuperBeef"" $600 // 2x1000",600
281,7801220801209,"Surtido MinutoVerde 200g ""Primavera de Verduras""",750
282,7801220431116,"Choclo en bolsa MinutoVerde 200g ""Choclo en granos""",900
283,7801220004037,"Surtido con ajo MinutoVerde 150g ""Sofrito con Ajo""",900
284,7801220004006,"Clocho en bolsa MinutoVerde 500g ""Choclo Grano""",1600
285,7801552002299,"Helado sabor Sandia Trendy 52g ""Trozo Sandia""",500
286,7801552006051,"Helado paleta Chocolate y Frutos del bosque Trendy 50g ""Columbia""",0
287,7801220221113,"Poroto verde en bolsa MinutoVerde 150g ""Poroto Verde""",900
288,7802408000551,"Helado de agua paleta Piña Fruna 60ml ""Piña Fiu""",300
289,7802408000568,"Helado de agua paleta naranja Fruna 60ml ""Naranja Fiu""",300
290,7802408000582,"Helado paleta tubo Fruna 65ml ""MoraMora""",500
291,13,"Helado York Sabor: Chocolate, Vainilla, Frutilla, Naranja",500
292,7801552004088,"Helado Casatta sabores Trendy 1l ''Leche Asada, Suspiro limeño y Arroz con Leche''",3000
293,7801552004057,"Helado Casatta Piña Trendy 1l ""Piña""",3000
294,7801552001964,"Helado Casatta Chocolate,Vainilla y Frutilla Trendy 1l ''Cassata''",3000
295,7802408061040,"Helado Piña Fruna 1l ""Piña""",2000
296,7809611700513,"Hamburgueza Vacuno LaCrianza 100g ""Vacuno""",900
297,7809611713476,"Hamburgueza de Soya LaCrianza 100g ""Soya Burger""",800
298,7801930009254,"Hamburgueza de soya Mister 100g ""Veggie""",800
299,7809611716989,"Nuggets de pollo King 300g ""Nuggets King""",1300
300,7809611718730,"Nugget de pollo King 90g ""Crocante de pollo""",600
301,7801930009612,"Pollo congelado PF 80g ""Pollo a la Plancha""",600
302,7802705401754,"Helado paleta Manjar Bresler 70g ""Mecano""",1000
303,7802705401617,"Helado paleta sabor Berris  Bresler 70ml ""Orly""",1000
304,7802705401570,"Helado paleta sabor Menta Bresler 70ml ""Orly""",1000
305,7802705401860,"Helado paleta sabor Chirimoya Alegre Bresler 70ml ""Orly""",1000
306,7802705401365,"Helado de agua manzana Bresler 60g ""Frugele Manzana""",350
307,7802705400948,"Helado de agua piña Bresler 60g ""Frugele Piña""",350
308,7802705400955,"Helado de agua Frambuesa Bresler 60g ""Frugele Frambuesa""",350
309,7802705401839,"Helado de Ambrosito Bresler 54g ""Ambrosito helado""",300
310,7802705400979,"Helado de sabor vainilla con chocolate Bresler 80g ""Loly Choc""",1000
311,7802705401327,"Helado paleta flippy Bresler 60ml ""Flippy""",550
312,7802705401334,"Helado paleta doblon Bresler 60ml ""Doblon""",550
313,6958189710033,"Boquilla perforada Slim tips ""Hornet""",500
314,30052765,"Papelillo ""OCB""",1000
315,7804612130796,"Papelillo Extra calidad Ronson ""Ronson Exra Quality""",1000
316,7804612131014,"Papelillo Clasico ""Ronson""",1000
317,644536226215,"Papellilo doble platinum Blunt Wrap Blueberry x2  ""Blunt Wrap""",1200
318,7807210011719,Marcador Permanente Rojo Artel,0
319,7807210011528,Marcador Permanente Azul Artel,0
320,7807210011733,Marcador Permanente Verde Artel,0
321,7891360617457,Lapices Grafico Faber-Castell 12,0
322,14,Cepillo Colgate,0
323,15,Velas colores,400
324,7804923031232,"Pintura cabello Mascara de tratamiento ""Negro Azulado 2.8""",2400
325,7899026462656,"Pintura cabello Garnier ""Rojo intenso 6.6""",2400
326,16,Vela circular chiquita,100
327,70330129641,"Pack Lapice Verde Cristal ""Bic""",350
328,8000825540301,"StickFix Pegamento en barra 36g ""Giotto""",1300
329,7802420125416,"Mani sin sal Marcopolo 160g ""Mani sin Sal""",1800
330,7802420006289,"Castañas de Caju con sal y miel Marcopolo 80g ""Castañas de Caju Saladas con Miel""",2500
331,7802420127113,Mani Salado con miel Marcopolo 150g,1200
332,7802420124518,"Pistachos Salados Marcopolo 80g ""Pistachos Salados""",2500
333,7803468002905,"Pan de Hamburguesa Castaño 8uni 460g ""Pan Hamburguesa""",2200
334,7802420010378,"sufles tutti frutti Crunchis ""Pop's""",1900
335,7802420010187,"Papitas sabor limo Marcopolo 180g ""Sabor Limon""",2000
336,7802420151477,"Papitas Corte americano Marcopolo 200g ""Corte Americano Mediana MC""",2000
337,7802000019104,"Papitas Corte Americano Lays 200g ""Corte Americano Mediana Lays""",2400
338,7802095185104,"Papitas estilo dorito Panchovilla 180g ""Panchitos""",2300
339,7803468001427,"Pan de completo Castaño 8uni 480g ""Pan Hot Dog""",2000
340,7803468003766,"Masa de Pizza Castaño 750g ""1Metro Masa de Pizza""",2400
341,7803468003087,"Masa de pizza Castaño 1uni 250g ""Masa clásica prepizza""",1300
342,7803468001397,"Pan de Pascua Frutos Secos Castaño ""Pan Pascua Frutos secos""",5200
343,7803403003639,"Pan de molde Castaño ""Pan Molde Fibra Cena""",1500
344,7803468001946,"Pan molde Crocata Castaño ""Crocata Castaño""",1600
345,7802215511615,"Galleta de agua Costa 54g ""Galleta Soda Chica""",700
346,7802215301643,"Galleta proteína Chocolate Vivo Protein 15gProteina 40g ""Galleta Proteína Vivo""",1300
347,7802215301506,"Galleta proteína Caramelo Vivo Protein 15gProteina 40g ""Galleta Proteína Vivo""",1300
348,7802215301742,"Galleta proteína Berries Vivo Protein 15gProteina 40g ""Galleta Proteína Vivo""",1300
349,7802215302060,"Galleta con cereal Costa 135g ""Gran Cereal""",1300
350,7802215504679,"Galleta Limon Nik Costa 71g ""Nik Limon""",700
351,7802215504662,"Galleta Frutilla Nik Costa 71g ""Nik Frutilla""",700
352,7802215504655,"Galleta Clasica Nik Costa 71g ""Nik Clasica""",700
353,7802230082503,"Galleta McKay Vainilla Bocado ""McKay Alteza Bocado Vainilla""",1600
354,7802230082534,"Galleta McKay Helado ""McKay Alteza Helado""",1600
355,7802215501821,"Galleta de Agua Costa 175g ""Agua Line Galleta Agua Light""",1300
356,7802215502026,"Galleta de agua Costa 160g ""Soda Galleta Agua Grande""",1300
357,7802215502033,"Galleta de Agua Costa 160g ""Soda Line Galleta agua light""",1300
358,7802215501838,"Galleta de Agua Costa 175g ""Agua Galleta Agua""",1300
359,7802230081162,"Galleta con chispas de chocolate Costa 120g ""Kuky""",1200
360,7802215508523,"Donas de chocolate Costa 100g ""Donuts Chocolate""",0
361,7802215515019,"Galleta con chocolate Costa 85g ""Gretzel""",1300
362,7802230086952,"Galleta chocolate y crema de vainilla 126g ""Triton""",850
363,7613039257333,"Galleta de Limon 120g ""McKay Limon""",900
364,7613039496275,"Galleta de Maravilla 120g ""McKay Maravilla""",900
365,7613030518426,"Galleta de Coco 120g ""McKay Coco""",900
366,7613032590369,"Galleta de Niza Cuadrada 150g ""McKay Niza""",900
367,7802215505300,"Galleta de Vino Costa 160g ""Galleta Vino""",1000
368,7802230083951,"Galleta de Mantequilla Cuadrada 140g ""Mckay Mantequilla""",900
369,7802215505294,"Galleta de Mantequilla Rectangular Costa 140g ""Galleta Costa Mantequilla""",900
370,7802215505287,"Galleta de Chocolate Rectangular Costa 140g ""Galleta Costa Chocolate""",900
371,7802215505270,"Galleta de Limon Rectangular Costa 140g ""Galleta Costa Limon""",900
372,7802215505409,"Galleta de Coco Circular Costa 125g ""Galleta Costa Coco""",900
373,7613032443191,"Galleta de Vino Rectangular McKay 135g ""Galleta McKay Vino""",0
374,7802215512360,"Galleta de Capuccino Costa 110g ""Frac Cappuccino""",850
375,7802215512285,"Galleta de Vainilla Costa 130g ""Frac Vainilla/Clasica""",850
376,7802215512377,"Galleta de Chocolate y Frutilla Costa 110g ""Frac Chocolate Frutilla""",850
377,7802215502576,"Galleta de Naranja Costa 130g ""Frac Naranja""",850
378,7802215502569,"Galleta de caluga de manjar Costa 120g ""Galleta Suny""",850
379,7802215502590,"Galleta de crema americana Costa 102g ""Galleta Dindon""",850
380,7622201693138,"Galleta de vainilla 108g ""Oreo Vainilla""",900
381,7622201693091,"Galleta de leche 108g ""Oreo original""",0
382,764451159419,"Dulces pelotitas chocolates ""Nicoland""",1000
383,764451159402,"Semillas de girasol con chocolate ""Nicoland""",1000
384,745853997199,"Gajitos de pomelo ""Nicoland""",1000
385,764451159464,"Rodajas de Sandia, Melon y Naranja ''Nicoland''",1000
386,7802075003053,"Botellitas de Cola ""Nicoland""",1000
387,764451159358,"Piedra de Chocolate ""Nicoland""",1000
388,764451158993,"Gomita de gusano ""Nicoland""",1000
389,764451159488,"Platanitos ""Nicoland""",1000
390,764451159457,"Gomitas duraznitos ""Nicoland""",1000
391,7802200130142,"Malvaviscos Ambrosoli 120g ""Marsh Mallows""",1300
392,7805050583595,"Pack de Repelente Mosquitos SCJohnson 4tabletas ""Raid 4tabletas+aparato""",6300
393,17,"Pack perros para ropa ""Perros para ropa 20pcs",0
394,7790520989871,"Pack pastillas para estanque SCJohnson 4pastillas ""Lysoform 4pastillas""",6800
395,7790520013521,"Repuesto aromatizante auto SCJohnson 7ml ""Glade repuesto auto tropical""",4200
396,7790520988331,"Pack aromatizante ambientes vainilla SCJohnson 21ml ""Glade aparato + repuesto ambientes vainilla""",5500
397,7790520009180,"Repuesto aromatizante ambientes vainilla SCJohnson 21ml ""Glade repuesto ambientes vainilla""",4700
398,7790520020802,"Pack disco adhesivo baño SCJohnson 38g ""Pato Purific aparato + repuesto""",3900
399,7790520010506,"Repuesto disco adhesivo baño SCJohnson 38g ""Pato Purific repuesto",2900
400,18,"Chip prepago Movistar ""Movistar 2gb""",1000
401,19,"Chip prepago Entel ""Entel 1gb""",1000
402,20,"Chip prepago Claro ""Claro 3gb""",1000
403,10.081.346,"Chip prepago WOM ""WOM 1gb""",1000
404,10.081.353,"Chip prepago WOM ""WOM 30gb""",3900
405,2611103,"Cargador rápido celular tipoC Solma ""Cargado rápido celular tipoC""",4500
406,2611155,"Cable datos celular tipoC Solma ""Cable celular tipoC""",2800
407,2861300010308,"Bolsa de seguridad para lavar ropa Sea-gull 50cmX60cm ""Bolsa de seguridad para lavar ropa""",1000
408,7801930000923,"Salchichas de pavo PF 250g ""Salchichas de pavo PF 5 unidades""",1300
409,7801930014258,"Vienesas La Española 225g ""Vienesas LaEspañola 5 unidades""",1000
410,7801930014272,"Vienesas La Española 900g ""Vienesas LaEspañola 20 unidades""",3200
411,7801930007120,Salchichas Premium Receta del Abuelo 250g  5 unidades,1500
412,7891097001338,"Mantequilla pote PRÉSIDENT 200g ""Mantequilla pote PRÉSIDENT""",2700
413,7801930007403,"Chorizo Parrillero PF 250g ""Chorizo Parrillero PF 6 unidades""",1500
414,6500,"Longaniza 1kg ""Longaniza artesanal""",0
415,21,"Tocino LosValenzuela 200g ""Tocino LosValenzuela""",3500
416,7802900617011,"Margarina pote Soprole 500g ""Margarina pote Soprole""",2800
417,7802900600006,"Margarina envase Soprole 125g ""Margarina envase Soprole""",800
418,7802900605001,"Margarina envase Soprole 250g ""Margarina envase Soprole""",1500
419,7802900120016,"Mantequilla con sal envase Soprole 125g ""Mantequilla con sal Soprole""",1800
420,7802900121013,"Mantequilla con sal envase Soprole 250g ""Mantequilla con sal Soprole""",3200
421,7802900111014,"Mantequilla sin sal envase Soprole 250g ""Mantequilla sin sal Soprole""",2950
422,7802910150508,"Mantequilla con sal envase CALO 125g ""Mantequilla con sal CALO""",1700
423,7804613390748,"Mantequilla con sal envase LaVaquita 250g ""Mantequilla con sal LaVaquita""",2990
424,7798060853348,"Mantequilla con sal envase Tonadita 200g ""Mantequilla con sal Tonadita""",2300
425,7801930018232,"Jamon Colonial PF 200g ""Jamon Colonial PF""",2600
426,7801907001731,"Salame Ahumado SanJorge 100g ""Salame Ahumado SanJorge""",1700
427,7804613393046,"Queso Gauda laminado LaVaquita 130g ""Queso Gauda LaVaquita""",1600
428,7804647570673,"Queso Chanco laminado HUILCO 400G ""Queso Chanco HUILCO""",4700
429,7804647570659,"Queso Gauda laminado HUILCO 400G ""Queso Gauda HUILCO""",4400
430,7802900001186,"Queso Quilque laminado Soprole 150g ""Queso Quilque Soprole""",1990
431,7802900001162,"Queso Gauda laminado Soprole 250g ""Queso Gauda Soprole""",2800
432,7802900004064,"Queso Gauda laminado Soprole 150g ""Queso Gauda Soprole""",1950
433,7804613393084,"Queso Cheddar laminado Kraft 75g ""Queso Cheddar Kraft""",1000
434,7802810006844,"Manteca vegetal Astra 100g ""Manteca vegetal Astra""",1200
435,7804647570956,"Queso crema HUILCO 190g ""Queso crema HUILCO""",1900
436,7622201429447,"Queso crema PHILADELPHIA 150g ""Queso crema PHILADELPHIA""",2400
437,7801930008509,"Pasta jamon Receta del Abuelo 125g ""Pasta jamon Receta del Abuelo""",0
438,7801930008226,"Pasta salame Receta del Abuelo 125g ""Pasta salame Receta del Abuelo""",0
439,7801930008219,"Pate campo Receta del Abuelo 125g ""Pate campo Receta del Abuelo""",800
440,7804613390328,"Queso crema LaVaquita 100g ""Queso crema LaVaquita""",750
441,7613033088766,"Colacion yoghurt cereal Trix Nestlé 142g ""Colacion yoghurt cereal Trix""",700
442,7613033088605,"Colacion yoghurt cereal Milo Nestlé 142g ""Colacion yoghurt cereal Milo""",700
443,7613036927420,"Cappuccino frio Nescafe 330ml ""Cappuccino frio Nescafe""",1200
444,7613036464963,"Yoghurt batido frutilla Nestlé 115g ""Yoghurt batido frutilla Nestlé""",300
445,7613035285408,"Jalea guinda Nestlé 110g ""Jalea guinda Nestlé""",300
446,7802900230241,"Yoghurt Yoguito damasco Soprole 120g ""Yoguito damasco Soprole""",300
447,7613034355454,"Chamyto frutilla Nestlé 80ml  ""Chamyto frutilla Nestlé unidad""",400
448,780162001030,"Agua con jugo Mas mango maracuyá CCU 1600ml ""Agua Mas mango maracuyá CCU""",1600
449,7801620008314,"Agua con jugo Mas limonada jengibre CCU 1600ml ""Agua Mas limonada jengibre CCU""",1600
450,7801620008338,"Agua con jugo Mas piña CCU 1600ml ""Agua Mas piña CCU""",1600
451,7801620006631,"Agua con jugo Mas granada CCU 1600ml ""Agua Mas granada CCU""",1600
452,7801620852955,"Agua mineral Cachantun con gas CCU 1600ml ""Agua Cachantun con gas""",1300
453,7801620852962,"Agua mineral Cachantun sin gas CCU 1600ml ""Agua Cachantun sin gas""",1300
454,7801620005887,"Agua mineral Cachantun con gas CCU 2500ml ""Agua Cachantun con gas""",1500
455,7801620005894,"Agua mineral Cachantun sin gas CCU 2500ml ""Agua Cachantun sin gas""",1500
456,7802820443301,"Agua mineral Benedictino sin gas CCU 3000ml ""Agua Benedictino sin gas""",1500
457,7802820454307,"Agua limonada jengibre Benedictino CCU 2L ""Jugo limonada jengibre Benedictino""",1600
458,7801622000637,"Agua mineral Eden sin gas Eden 2000ml ""Agua mineral Eden sin gas""",1400
459,7501013118056,"Nectar Jumex durazno 335ml ""Nectar Jumex durazno""",1000
460,7501013118063,"Nectar Jumex guayaba 335ml ""Nectar Jumex guayaba""",1000
461,7501013118032,"Nectar Jumex mango 335ml ""Nectar Jumex mango""",1000
462,7501013118193,"Nectar Jumex manzana 335ml ""Nectar Jumex manzana""",1000
463,7501013118018,"Nectar Jumex pera 335ml ""Nectar Jumex pera""",1000
464,22,"Bidon agua mineral 20L ""Bidon agua mineral""",1500
465,23,"Bidon agua mineral Pura Vida Nestlé 6L ""Bidon agua Pura Vida""",2200
466,7802095181168,"Tortillas tacos y fajitas L PanchoVilla 224g ""Tortillas L PanchoVilla""",1500
467,7803403002304,"Tortillas grandota XXL TiaRosa 620g ""Tortillas XXL TiaRosa""",3000
468,7803403000195,"Tortillas burrera XL TiaRosa 400g ""Tortillas XL TiaRosa""",2200
469,7803473002242,"Tortillas fajitas L TiaRosa 320g ""Tortillas L TiaRosa""",1800
470,7802351441203,"Chucrut DonJuan 360g ""Chucrut DonJuan""",1300
471,7802810031075,"Mermelada frutilla Watts 225g ""Mermelada frutilla Watts""",1500
472,7802810011817,"Mermelada membrillo Watts 225g ""Mermelada membrillo Watts""",1500
473,7802810010193,"Mermelada sin azúcar frutilla Watts 200g ""Mermelada sin azúcar frutilla Watts""",1500
474,7802810031082,"Mermelada frambuesa Watts 225g ""Mermelada frambuesa Watts""",1500
475,7802810131218,"Mermelada light damasco Watts 225g ""Mermelada light damasco Watts""",1650
476,7802810007742,"Mermelada sin azúcar arandano mix Watts 200g ""Mermelada sin azúcar arandano mix Watts""",1500
477,7802810031013,"Mermelada damasco Watts 225g ""Mermelada damasco Watts""",1500
478,7802810031044,"Mermelada alcayota Watts 225g ""Mermelada alcayota Watts",0
479,7802810031020,"Mermelada durazno Watts 225g ""Mermelada durazno Watts""",1500
480,7802351131203,"Aceitunas Sevillanas DonJuan 340g ""Aceitunas Sevillanas DonJuan""",2400
481,7802420810275,"Pasas Rubias MarcoPolo 100g ""Pasas Rubias MarcoPolo""",1200
482,7802000015793,"Ramitas original Evercrisp 110g ""Ramitas original Evercrisp""",1600
483,7802000015786,"Ramitas queso Evercrisp 110g ""Ramitas queso Evercrisp""",1600
484,757528044985,"Takis original grande 200g ""Takis original grande""",2000
485,757528044978,"Takis xplosion grande 200g ""Takis xplosion grande""",2000
486,757528039639,"Takis xplosion chico 56g ""Takis xplosion chico""",1000
487,757528039592,"Takis fuego chico 56g ""Takis fuego chico""",1000
488,7803473543189,"Gansito Marinela 50g ""Gansito Marinela""",700
489,7803473003232,"Rayita Marinela 60g ""Rayita Marinela""",700
490,7803403000737,"Alfajor Laguito Lagos del Sur 70g ""Alfajor Laguito Lagos del Sur""",700
491,8445291383630,"Triton vainilla chico McKay 46g ""Triton vainilla chico McKay""",0
492,7803473005960,"Mankeke Marinela 90g ""Mankeke Marinela""",800
493,7803473542182,"Pingüinos Marinela 80g ""Pingüinos Marinela""",1000
494,7802075001097,"Mani salado ElArriero 80g ""Mani salado ElArriero""",1000
495,7802075000007,"Mani salado chico ElArriero 22g ""Mani salado chico ElArriero""",300
496,745853997212,"Mani sabor tocineta ElArriero 100g ""Mani sabor tocineta ElArriero""",1300
497,7802075003022,"Mani crocante ElArriero 70g ""Mani crocante ElArriero""",1000
498,7806500241294,Servileta abolengo 40unidades,300
499,780220036399,Gelatina Frambuesa Ambrosoli 50g,800
500,7802200363984,Gelatina Naranja Ambrosoli 50g,800
501,7802900001278,Queso rallado fino Parmesano 40g,1000
502,8445291263673,Pure de papas Maggi 6porciones 187g,2400
503,7802950006865,"Pure de papas Maggi 4porciones 125g ""Chico""",1500
504,8445290193193,"Leche en polvo chica Nido 130g ""Buen Dia chico""",1600
505,8445290118288,"Leche en polvo grande Nido 700g ""Buen Dia grande""",6500
506,7805000322519,Salsa de tomate Kétchup JB 900g,2800
507,7802351625030,Mayonesa Clasica Don Juan 300g,1800
508,7805000323981,Mayonesa en tarro Hellmann's 780g,3500
509,7800159001148,Mayonesa Deli en bolsa Kraft 170g,1600
510,7805000312329,Mayonesa en Bolsa Hellmann's 670g,0
511,25700712008,Bolsa con cierre hermetico Verde SCJohnson Ziploc 14bolsas,1950
512,7790272007144,Botella de Aceite vegetal LosSilos 900ml,1950
513,7802800535569,Tarrito de papas Kryzpo 37g,1000
514,41789001802,Fideos Instantaneos sabor Gallina Maruchan 64g,1400
515,41789001833,Fideos Instantaneos sabor Queso Maruchan 64g,1400
516,41789001956,Fideos Instantaneos sabor Camaron Maruchan 64g,1400
517,41789001987,Fideos Instantaneos sabor Camaron y Chile Piquin Maruchan,1400
518,41789001925,Fideos Instantaneos sabor Carne de Res Maruchan,1400
519,41789001840,Fideos Instantaneos sabor Pollo Picante Maruchan,1400
520,7802410350118,Salsa Alfredo Gourmet 41g,800
521,7613031571529,Salsa de Champiñones Maggi 45g,800
522,7802950006575,Base de Hamburguesas Maggi 90g,800
523,7613031259823,Base de Carne a la Cacerola Maggi 36g,800
524,8445290864703,Crema de Zapallo Maggi 45g,800
525,8445290846853,Crema de Tomate Maggi 45g,800
526,7802950004427,Base de Pescado Frito 85g,800
527,7802950006735,Crema de Esparragos Maggi 68g,800
528,7802950006629,Sopa de Pollo Arroz Maggi 70g,800
529,7613030612247,Sopa Costilla Fideos Maggi 60g,800
530,7802950006612,Sopa pollo fideos Maggi 70g,800
531,8445291584563,Sobre Café Capuccino Nescafe 14g,700
532,7613033458538,Sobre Café Vainilla Late Nescafe 18.5g,700
533,7613033458507,Sobre Café Moka Nescafe 18g,700
534,7802950002119,Tarro de café Tradicional Nescafe 50g,2500
535,41500779874,Salsa BBQ Cattlemen's 510g,4800
536,7802351234607,Crema de aji Chileno en botella DonJuan 240g,1500
537,7802351241018,Aji Pebre en botella Donjuán 240g,1500
538,7802640000142,Aji chileno en bolsita 100g,650
539,7802351633301,Salsa Tartara en bolsa DonJuan 250g,1800
540,7805000322526,Mostaza en Bolsa grande JB 900g,2200
541,7802351611002,Bolsa de Kétchup DonJuan 100g,550
542,7805000301484,Mayonesa en bolsa Hellmann's,950
543,7802640600076,Mostaza en bolsa JB 100g,550
544,7802800533565,Tarro Papas Kryzpo 130g,2200
545,614143259272,Tarro Papas ElArriero 160g,2400
546,614143259265,Tarro Papas Ciboulette Elarriero 160g,2400
547,614143259258,Tarro Papas Queso ElArriero 160g,2400
548,7802200266056,Sobre de Jugo Limonada Vivo 7g,250
549,7802200266278,Sobre de Jugo Pera de Agua Vivo 7g,250
550,7802800579587,Sobre de jugo Mango 20g Zuko,250
551,7802800570003,Sobre de Jugo Lulada 20g Zuko,250
552,7802800579297,Sobre de Jugo Huesillo Zuko 20g,250
553,7802200266049,Sobre de Jugo Piña ViVo 7g,250
554,7802200266001,Sobre de Jugo Naranja ViVo 8g,250
555,7802200266063,Sobre de Jugo Manzana ViVo 7g,250
556,7802200266032,Sobre de Jugo Durazno ViVo 7g,250
557,7802200266070,Sobre de Jugo Frutilla ViVo 7g,250
558,7802200267299,Sobre de Jugo Granada ViVo 7g,250
559,7802800576418,Sobre de Jugo 0%Azucar Naranja ViVo 7g,0
560,7802800576449,Sobre de Jugo 0%Azucar Durazno ViVO 7g,250
561,7802800570805,Sobre de Jugo Guayaba ViVO 20g,250
562,7802800578535,Sobre de Jugo Limonada Zuko 20g,250
563,7613287558947,Bolsa de Manjar ElManjar Nestlé 400g,250
564,7613038639161,Bolsa de Manjar grande ElManjar Nestlé 800g,4200
565,7702024614906,Sobrecito de leche condensada Nestle 25g,300
566,7613030049883,Lata de Leche condensada Nestlé 397g,0
567,7613032414580,Lata de Crema de leche Nestlé 157g,1400
568,7802950022322,Cajita de Crema de leche Nestlé 200ml,1500
569,7613030264088,"Comida de bebes Colado Pollo y Verduras Nestlé ""Naturnes"" 215g",2200
570,7802950003550,"Comida de bebes Picado Pollo y Verduras Nestlé ""Naturnes""",2200
571,7622300842444,Polvo para hornear Royal 30g,500
572,7803000000475,Polvo de Levadura Lefersa 10g,400
573,7802420005992,Polvo de Chocolate y proteínas ColaCao NutriAction 250g,4100
574,7801305003634,Caja con Primavera de Verduras Wasil 340g,1600
575,7801305003658,Caja con Arvejas Wasil 340g,1100
576,7801305004099,Caja con Porotos Negros Wasil 380g,1600
577,7801305004082,Caja con Lentejas 6mm Wasil 380g,1600
578,7801305005157,Caja con Porotos Rojos Wasil 380g,1600
579,7801305005584,Caja con Duraznos en mitades Wasil 500g,1600
580,7801305005560,Caja de Frutillas enteras Wasil 500g,1600
581,7801305004075,Caja de Garbanzos Wasil 500g,1600
582,7410031610001,Papel de Aluminio StarBrand 7.6metros,1300
583,7410031610766,Plastic Wrap StarBrand 100metros,1500
584,24,"Cono helado fantasia gomita ""Helado de invierno""",250
585,7802950006308,Caldo Deshidratado sabor Gallina Maggi 1unidad $150/4unidades $500,150
586,7613033825835,Caldo Deshidratado sabor Costilla Maggi 1unidd $150/4unidades $500,150
587,7802950006407,Caldo Deshidratado sabor Carne Maggi 1unidad $150/4unidades $500,150
588,7613033825804,Caldo Deshidatado sabor Verduras Maggi 1unidad $150/4unidades,150
589,2410503i1,Vaso Transparente 500cc 1unidades,100
590,781718996204,Miel de Abeja Calidad Apicola SanJose 1kg,8000
591,7801875058065,Te de Manzanilla Supremo 20bolsitas,1500
592,7805040005748,Chancaca Deliciosa 200g,1600
593,7896007811007,Salsa de Soya Tradicional Sakura 150ml,1200
594,7802410820154,Salsa de Soya LaPrimera 250ml,1200
595,7896007811311,Salsa de Ajo Kenko 150ml,1200
596,7802351534707,Jugo de Limon DonJuan 500ml,1000
597,7802351524807,Vinagre de Vino Tinto DonJuan 500ml,1100
598,7802351524708,Vinagre de Vino Blanco DonJuan 500ml,1100
599,7802810009586,Aceite Vegetal Cristal 900ml,2600
600,7802810002099,Aceite Vegetal Maravilla Chef 1litro,3500
601,7803600981532,Sal Parrillera Lobos 750g,1900
602,7803600031275,Sal Fina Lobos 1kg,800
603,7803600011246,Sal fina Venus 1kg,500
604,7804461000264,Duraznos en Mitades en Lata SanRemo 425g,1800
605,8410721071364,Surtido de Mariscos ConoSur 425g,2300
606,7801305102443,Choclitos para coctel Wasil 425g,3100
607,7804625100007,Jurel al natural SanAmbrosio 425g,1600
608,7804621471408,Atun con aceite Desmenuzado Antartic 160g,1000
609,7702367003900,Atun con aceite de maravilla Lomitos Van Camp's 160g,1800
610,7702367003917,Atun en agua Lomitos Van Camp's 160g,1800
611,7801250000320,Choritos en agua Angelmo 190g,1450
612,7804621471484,Atun en agua Lomitos Antartic 140g,1400
613,7804621471491,Atun con aceite Lomitos Antartic 140g,1400
614,7804461000240,Champiñones Laminados SanRemo 400g,1800
615,722008504914,Sardinas en Salsa de tomate Van Camp's 425g,3900
616,722008502910,Sardinas en aceite Van Camp's 425g,3900
617,7809559200120,Harina sin Polvo para hornear Cienll,1500
618,7802615005516,Harina con Polvo para hornear MontBlanc 1kg,1500
619,7802615005615,Harina sin Polvo para hornear MontBlanc 1kg,1500
620,7804627780283,Azúcar Granulado SmartPrice 1kg,1400
621,7802900028374,Leche con chocolate Requetepatitas Soprole 1litro,1800
622,7802900003401,Leche Natural entera Libre de Lactosa Zerolacto Soprole 1litro,1500
623,7802900200817,Leche Natural Semidescremada Libre de Lactosa Zerolacto Soprole 1litro,1500
624,7802900048013,Leche Natural Descremada Libre de Lactosa Zerolacto Soprole 1litro,1500
625,7802575365026,Salsa de Tomate Italiana SanRemo 200g,550
626,7802575353047,Salsa de Tomate Italiana Pomarola 200g,750
627,7802420008627,Te Negro Celan Classic TeClub 40bolsitas,1200
628,7802575040206,Ravioli de Carne Carozzi 400g,3300
629,7802500000015,Fideos Cabellos de Angel 1 Luchetti 400g,1200
630,7802575001849,Fideos Capellini Carozzi 400g,1200
631,7802575004437,Fideos Spaghetti Carozzi 400g,1200
632,7802575004635,Fideos Tallarines 87 Carozzi 400g,1200
633,7802575015662,Lasaña Precocida Carozzi 330g,2200
634,7802575047069,Ravioli Ricotta y Espinaca Carozzi 400g,3300
635,7802575004833,Fideos Fetuccine 88 Carozzi 400g,1200
636,7802575003843,Fideos Granizo Carozzi 250g,1000
637,7802575003249,Fideos Alfabeto Carozzi 250g,1000
638,7802575002853,Fideos Ojos de Diuca Carozzi 250g,1000
639,7802575012197,Fideos Dedalito Carozzi 250g,1000
640,7802575131249,Fideos Mostaccioli Parma 400g,1000
641,7802575131225,Fideos Espirales Parma 400g,1000
642,7802575012210,Fideos Pantrucas Carozzi 400g,1200
643,7802575134028,Fideos Spaghetti 5 Parma 400g,1000
644,7802575134059,Fideos Tallarines 97 Parma 400g,1000
645,7802575134042,Fideos Tallarines 87 Parma 400g,1000
646,7802575133045,Fideos Corbatas Parma 400g,1000
647,7802626100026,Harina sin polvo para hornear Collico 1kg,1300
648,7801305003191,Champiñones laminados Wasil 400g,2200
649,7801305001883,Palmitos en rodajas Wasil 400g,2600
650,7801305001517,Piña en trocitos Wasil 565g,2200
651,7801305100050,Piña en rodajas Wasil 560g,2200
652,7809637200219,Lentejas Oregon 1kg,3200
653,7804658860398,Arroz El Monarca 1kg,0
654,7790070509062,Yerba Mate con Boldo y Menta Cruz de Malta 500g,4450
655,7801505231912,Azúcar blanca granulada Iansa 1kg,1800
656,55500011445,Cloro en Spray antihongos Clorox 500g,2300
657,7502214739620,Maquina Desechable de afeitar 4 hojas Quattro4 for Women Schick 1unidades,1400
658,4891228530136,Maquina Desechable de afeitar 4 hojas Quattro4 Titanium Schick 1unidades,1400
659,7702018880409,Maquina Desechable de afeitar 3 hojas Gillette Prestobarba 1unidad,1300
660,7591066721020,Maquina Desechable de afeitar 3 hojas Xtreme Schick 1unidad,1000
661,75903565,Repuesto 3hojas doblefilo Super Chromium Schick 3unidades,1000
662,78016118,Maquina Desechable de afeitar 2 hojas Wilkinson Sword 1unidad,1000
663,7500435125567,Repuesto para afeitar Gillete Fusión 5 2unidades,5500
664,7793620003546,Protector Diario Mujer Kotex 20unidades,1100
665,7702425802735,Protector Nocturno Mujer Kotex 8unidades,1300
666,7806500962809,Protector Nocturno Mujer Ladysoft 7unidades,1400
667,7790250096061,Protector Ultradelgado Mujer Ladysoft 8unidades,1300
668,7809604028464,Protector Antibacterial Mujer Kotex 40unidades,1900
669,7794626010811,Protector ExtraProteccion 3x Mujer Kotex 8unidades,1300
670,7702026180287,Protector Nocturno suave Mujer Nosotras 8unidades,1300
671,7730963251029,Preservativos Ultrasensible Prudence 3unidades,2200
672,7730963250336,Preservativos Neon Prudence 3unidades,2200
673,7730963251067,Preservativos sabor tutti-frutti Prudence 3unidades,2200
674,7730963251012,Preservativos clásico Prudence 3unidades,2200
675,7790520995377,Tabletas insecticida repelente contra mosquito y zancudos Raid 12unidades,3200
676,22200963695,Desodorante en barra Invisible Dry LadySpeedStick 39.6g,2700
677,7509546004471,Desodorante en barra 48h Wild Freesia LadySpeedStick 45g,2700
678,7509546067940,Desodorante en barra 48h derma Renueva LadySpeedStick 45g,2700
679,7509546060460,Desodorante en barra 48h Power Fresh LadySpeedStick 45g,2700
680,7509546029146,Desodorante en barra 48h 24/7 Ultra seca y protegida LadySpeedStick 45g,2700
681,75062842,Desodorante en barra Invisible Dry Dove 45g,2400
682,75062828,Desodorante en barra tono uniforme Dove 45g,2400
683,75062835,Desodorante en barra original Dove 45g,2400
684,78004498,Desodorante en barra Bamboo y Aloe Vera Rexona 50g,2400
685,75029982,Desodorante en barra Active Emotion Rexona 50g,2400
686,75053475,Desodorante en barra Invisible Rexona 50g,2400
687,7509546063843,Desodorante Spray Powder Fresh LadySpeedStick 150ml,3200
688,7509546063515,Desodorante Spray Pro5 LadySpeedStick 150ml,3200
689,7509546067902,Desodorante Spray Derma Renueva LadySpeedStick 150ml,2990
690,7509546071534,Desodorante Spray Derma Nutre LadySpeedStick 150ml,2990
691,7509546067919,Desodorante Spray Derma Aclarado LadySpeedStick 150ml,2990
692,7506306241152,Desodorante Spray Tono Uniforme Dove 150ml,2700
693,7791293048499,Desodorante Spray go Fresh granada Dove 150ml,2700
694,7791293048505,Desodorante Spray go Fresh Pera y aloe vera Dove 150ml,2700
695,7791293049571,Desodorante Spray Futbol Fanaticas Rexona 150ml,2600
696,7791293033273,Desodorante Spray Sensitive Dove 150ml,2700
697,7791293049533,Desodorante Spray Cotton Dry Dove 150ml,2600
698,7500435232340,Desodorante en barra Ocean Legend Old Spice 50g,2700
699,7500435156875,Desodorante en barra Sudor Defense Old Spice 50g,2700
700,75024956,Desodorante en barra 48h Rexona 50g,2450
701,75028978,Desodorante en barra 48h Invisible Rexona 50g,2450
702,8999999036638,Jabon Barra Velvet Jasmine Lux 1unidad,0
703,8999999036607,Jabon Barra Soft Rose Lux 1unidad,0
704,7891150034075,Jabon Barra Cuidado Indulgente Leche de coco Dove 90g,1200
705,7891024113684,Jabon Barra Aloe Protex 125g,900
706,7891024028575,Jabon Barra Nutri Protect Protex 125g,0
707,7791293020099,Jabon Barra Aceite de Almendras LeSancy 90g,950
708,3600523817481,Anti encrespamiento para el pelo Elvive Loreal 100ml,0
709,7805633015048,Quita Esmalte Limon Spring Natural 110ml,1500
710,7501058769541,Crema depilatoria piel sensible Veet 150ml,8500
711,7441008154600,Tampones con Aplicador Kotex 8tampones,2900
712,7790520996329,Aerosol repelente de insectos OFF! 170cc,4900
713,7790520012258,Repuesto auto sport Glade SCJohnson 7ml,5500
714,7509546000985,Pasta de dientes Triple accion Colgate 75ml,1300
715,8850006932360,Pasta de dientes Triple accion tailandesa Colgate 180g,2200
716,7805000180874,Pasta de dientes Xtra whitening Pepsodent 90g,1300
717,7500435202732,Acondicionador Dermo Revitalización y Suavidad Head&Shoulders 300ml,4200
718,7500435147583,Acondicionador Dermo Hidratación Head&Shoulders 300ml,4200
719,7804945063365,Acondicionador Moringa Familand 750ml,0
720,7804945063662,Acondicionador Coco-Argan Familand 750ml,0
721,7804945063648,Acondicionador Arandano Maqui Familand 750ml,0
722,7804945063563,Acondicionador Manzana Papaya Familand 750ml,0
723,7891150055230,Acondicionador Nutricion Oleo-Micelar Dove 400ml,0
724,7891150017337,Acondicionador Oleo Nutricion Dove 400ml,0
725,7804945062412,Shampoo aceite de coco y argan Oleo Nutritivo Familand 750ml,1900
726,7804945062542,Shampoo Quillay y tea tree oil Anticaspa Natural Familand 750ml,1900
727,7804945062399,Shampoo Bambu Cannabis Oleo Fortificante Familand 750ml,1900
728,7804945062658,Shampoo Hialuronico Protectos del color Familand 750ml,1900
729,7804945062320,Shampoo Moringa Détox Familand 750ml,1900
730,7791293047676,Acondicionador Bomba Argan Sedal 340ml,2400
731,7791293046402,Shampoo Colageno vitamina C Sedal 340ml,2400
732,7791293045962,Acondicionador Restauración instantánea Sedal 340ml,2400
733,7791293047881,Shampoo bomba coco Sedal 340ml,2400
734,7791293045979,Acondicionador Rizos Definidos Sedal 340ml,2400
735,7702006404013,Shampoo Celulas madre vegetales Sedal 340ml,2400
736,7791293046372,Shampoo Hialuronico  vitamina A Sedal 340ml,2400
737,7500435020299,Acondicionador Fuerza&Reconstruccion Pantene 400ml,3800
738,7501001164645,Shampoo Rizos Definidos Pantene 400ml,3800
739,7501006721317,Acondicionador Restauración Pantene 400ml,3800
740,7501007457826,Acondicionador Brillo Extremo Pantene 400ml,3800
741,7500435020244,Shampoo Fuerza&Reconstruccion Pantene 400ml,3800
742,7506309840581,Acondicionador Hidratación Extrema Pantene 400ml,3800
743,7501001303464,Shampoo Control Caida Pantene 400ml,3800
744,7501001165253,Acondicionador Liso Extremo Pantene 400ml,3800
745,76171103123,Aromatizante Arbolito Strawberry Little Trees 1uni,1000
746,76171101891,Aromatizante Arbolito New Car Scent Little Trees 1uni,1000
747,76171103178,Aromatizante Arbolito Coconut Little Trees 1uni,1000
748,76171102904,Aromatizante Arbolito Leather Little Trees 1uni,1000
749,76171103482,Aromatizante Arbolito Bubblegum Little Trees 1uni,1000
750,76171101556,Aromatizante Arbolito BlackIce Little Trees 1uni,1000
751,76171101013,Aromatizante Arbolito Royal Pine Little Trees 1uni,1000
752,76171109675,Aromatizante Arbolito Pila Colada Little Trees 1uni,1000
753,76171173089,Aromatizante Arbolito Rose Thorn Little Trees 1uni,1000
754,7806500172116,Pañuelo Elite 10unidades,300
755,7804920008169,Shampoo en bolsita Ondas y Rizos Ballerina 50ml,400
756,7804920008152,Shampoo en bolsita Delicado y Natural hipoalergernico Ballerina 50ml,400
757,7702626204208,Bolsita Detergente en polvo Oxi Action Vanish 30g,750
758,7702626204642,Bolsita Detergente en polvo ropa blanc Vanish 30g,750
759,5011435631054,Repuesto universal de encendedor a gas Ronson 300ml,4500
760,7790520029522,Aerosol Aromatizante Frescura Salvaje Glade SCJohnson 309.6g,2800
761,7790520019868,Gel Aromatizante Limon Refrescante Glade SCJohnson 70g,1800
762,7790520990884,Gel Aromatizante Placer Floral y Frutos Rojos Glade SCJohnson 70g,1800
763,7790520019820,Gel auto Aromatizante Acqua Glade SCJohnson 70g,1800
764,7790520019844,Gel Auto Aromatizante Lavanda marina Glade SCJohnson 70g,1800
765,7790520996541,Toallita desinfectante Lysoform 36unidades,2500
766,7804603541433,Toallitas desmaquillantes Hipoalergenico Emuline 25unidades,1500
767,7804603541419,"Toallitas Humedas Aceite emu, aloe vera y manzanilla EmuBaby 160unidades",1800
768,5011435624582,Encendedor Economico Ronson 1unidad,400
769,3086123646278,Encendedor Bic 1unidad,1200
770,7802200135864,Gomita Frutillas a la crema Ambrosoli 25g,250
771,7802200135765,Gomitas Ambrosito Ambrosoli 25g,250
772,7802200139664,Gomitas Caliptus Ambrosoli,250
773,7802200135413,Gomitas Loop Ambrosoli 25g,250
774,7802200135734,Gomitas Flippy Ambrosoli 25g,250
775,7802200135741,Gomitas Amberries Ambrosoli 25g,250
776,7802200130760,Gomitas Sandia Ambrosoli 25g,250
777,7802200132696,Mentitas Ambrosoli 25g,400
778,7802200133426,Full Limon Ambrosoli 27g,450
779,25,Sustancia,250
780,7622201776572,Chicle Yerbabuena Trident 8.5g,450
781,7622201776633,Chicle Sandia Trident 8.5g,450
782,7622201776602,Chicle Fresa/Frutilla Triden 8.5g,450
783,7622201776664,Chicle Menta Trident 8.5g,450
784,7622210427076,Menta Mentol y Eucalipto Halls 9unidades,400
785,78938793,Menta Cereza Halls 9unidades,400
786,78938816,Menta Extra Fuerte Halls 9unidades,400
787,7702133815782,Halls Verde  9unidades,450
788,7622201776459,Menta Limon y Miel Halls 9unidades,450
789,7790380270010,Barrita clásica Mantecol 41g,800
790,78024137,Chicle Frutilla Acida BigTime 6uni,450
791,78011748,Chicle Aqua BigTime 6uni,450
792,78005624,Chicle Menta Bigtime 6uni,450
793,78068315,Chicle Fuerte BigTime 6uni,450
794,78007505,Chicle Sandia BigTime 6uni,450
795,78068308,Chicle Refrescante BigTime 6uni,450
796,7803525999544,Bizcocho Brownie Chip NutraBien 62g,850
797,7803525000240,Bizcocho Brownie NutraBien 62g,850
798,7803525001490,Galleta Chochochip NutraBien 50g,850
799,40000514251,Barra de leche con chocolate Snicker 52.7g,1200
800,50173617,Chicle Eucalipto Orbit,900
801,50173204,Chicle Menta Orbit,900
802,7802408002678,Galleta con Crema sabor a coco Bachata Fruna 40g,350
803,7802225281614,Malvavisco ObaOba 21g,350
804,7802225584609,Barra de chocolate BonoBon 27g,350
805,7613030612339,Barra de chocolate Super8 Nestlé 29g,400
806,6971486421143,Chicle Tubo con Polvo Acido 22cm Mabu 20g,500
807,78023994,BonoBon Clasico 15g,350
808,78024106,BonoBon Blanco 15g,350
809,40000536819,Chocolate M&M 47.9g,1500
810,40000536789,Chocolate y Many M&M 49.3g,1500
811,78600010,Dulce Menta TicTac 32unidades,700
812,78600027,Dulce Naranja TicTac 32unidades,700
813,78934696,Dulce Diversion de Frutas TicTac 32unidades,700
814,7802215303401,Bizcocho con manjar Chocman 33g,250
815,7802225260657,Turron de Mani DosenUno 45g,400
816,7802408017054,Galleta Coco Chip Fruna 64g,350
817,7802408015081,Galleta Carioca Fruna 64g,350
818,7802408015241,Galleta Serranita Fruna 64g,350
819,7802800556076,Barra caramelo Flow Muibon 48g,800
820,8690997010568,Barra caramelo Snack Mabu 1uni,350
821,7802225427197,Chocolate con mani Rocklets 35g,500
822,7802225427289,Mani Tifany's 22g,350
823,7802215303289,Barra de cereal Frutas y yogurt CerealBar,250
824,7802215301452,Barra de cereal Chocolate CerealBar 21g,250
825,7802215301254,Barra de cereal Chips de Chocolate Cerealbar 21g,250
826,7802215303388,Barra de cereal Frutos rojos y Yogurt CerealBar 21g,250
827,7802225538114,Barra chocolate Nikolo 24g,500
828,7802950072679,Barra chocolate Trencito 14g,450
829,7802225427210,Chocolate Promo Rocklets 35g,500
830,7802225426381,Chocolate Chubi 22g,350
831,7613034279743,Chocolate Almendra Capri Nestlé 30g,600
832,7802950072358,Chocolate Sahnenuss 14g,400
833,7802225584081,Barra caramelo Hobby 35g,600
834,7899970401183,Barra Hershey's 25g,800
835,26,Sustancia Mini x10,1400
836,27,Sustancias x20,3900
837,763331075818,Bebiba Aloe Piña Terraloe 500ml,1800
838,763331075719,Bebida Aloe Arandano Terraloe 500ml,1800
839,763331075726,Bebida Aloe Coco Terraloe 500ml,1800
840,745853869243,"Papel higienico Economico ""Papel Industrial"" Softquality 1uni",1500
841,7891024114261,Jabon en Barra Protex Avena+Prebiotico 125g,900
842,8901030694608,Jabon Barra Radiant Glow Lux 27g,600
843,8901030694585,Jabon Barra Flaw-less Glow Lux 27g,600
844,7506306249981,Desodorante Blue Lavender Axe 150ml,2600
845,7791293043791,Desodorante Marine(fresh ocean & Lima) Axe 150ml,2600
846,7506306249998,Desodorante Green Geranium Axe 150ml,2600
847,7791293043807,Desodorante Musk(Canela & Ambar) Axe 150ml,2600
848,7791293042718,Desodorante Dark Temptation(Chocolate) Axe 150ml,2600
849,7506306249974,Desodorante Aqua Citrus Axe 150ml,2600
850,75076221,Desodorante Barra Epic Fresh Axe 45g,2600
851,75076252,Desodorante Barra Dark Temptation Axe 45g,2600
852,78413948,Cigarro Eight 20u.,2200
853,28,Cigarro Carnival 20u.,1700
854,78415690,Cigarro Gift 20u.,2200
855,29,Cigarro Carnival Double 20u.,2500
856,78412699,Cigarro Fox 20u.,1700
857,30,Cigarro Hills 20u.,1700
858,7805933000072,Carbon Premium La Loma 2.5kg,2800
859,31,Queque 1 Trozo,1000
860,7622201715236,Chocolate con Leche Milka 80g,1700
861,7899970403026,Chocolate Cookies N Creme Hershey,1900
862,7804673570180,Trapero Humedo 40x60cm  Purity eco 12unidades,1900
863,7805040005427,"Ceracrema Tierra de color 340ml ""Brillina""",1900
864,7805040005403,"Ceracrema Roja 340ml ""Brillina""",1900
865,7801622000675,Agua Mineral con Gs Eden 1L,1000
866,7891000248768,Barra Chocolate KitKat 41.5g,1000
867,7805000315177,Jabon Liquido Pepino & Aloe LeSancy 750ml,2100
868,7805000315122,Jabon Liquido Frutos Rojos & Yoghurt LeSancy 750ml,2100
869,7805000321901,Jabon Liquido Hygienic LeSancy 750ml,3000
870,3014260833176,Cepillo de Dientes Oral-b 1u.,1000
871,7801875029010,Te Ceylan Mildred Tea 125g,2600
872,7808304352053,Chocolate Rosa Valentte 50g,2000
873,7808304355115,Chocolate Corazones  Loving Delight,4200
874,7613034279309,Chocolate Frutilla Capri Nestlé 30g,600
875,7802230070227,Chocolate barra  con almendras Sahne-nuss 250g,6500
876,8699462609436,Chocolate Cono Hazelnut Cream Minico 25g,500
877,32,Sobre Azucar Flor AgroSabro 90g,600
878,7801552001803,Helado Mini Cono sabor Manjar Trendy 46g,750
879,7801365000284,Champiñones NaturesFarm 200g,1600
880,7809611714503,Jamon pierna Cerdo Ahumado LaCrianza 200g,2600
881,7804613392223,Mantequilla con Sal Kumey 125g,1600
882,7801930001425,Mantequilla de Campo Frutillar 125g,1600
883,7802920202204,Mantequilla sin Lactosa Los Alerces 125g,1690
884,7802900026622,Mantequilla con Sal Untable Soprole 200g,3200
885,7804115002620,Mantequilla con Sal Montina 100g,1300
886,7802810006837,Manteca Vegetal Astra 200g,2100
887,7802000016448,Papitas Todito 120g,1500
888,7802000015687,Cheezels sabor queso Evercrisp 100g,1500
889,33,Huevo 1unidad.,350
890,34,Bandeja de Huevo,9000
891,35,Huevo chocolate 1uni /12x$1000,100
892,8888021202359,Pila Eveready Gold AA/1x$500,2500
893,36,Pila Eveready AA,300
894,37,Pila Eveready AAA,300
895,38,Chocolate Bonbones Lexus,150
896,39,Pan 1kilo,2100
897,40,Palta 1kilo,5500
898,41,Tomate 1kilo,1300
899,42,Cebolla 1 Unidad,250
900,78012554,Alka MentaFuerte 29g,400
901,7791293049465,Desodorante Invisible Rexona 150ml,2600
902,7804923031270,Tintura Cabello Violeta(4.20) Ilicit,2400
903,7791293049489,Desodorante V8 Rexona 150ml,2600
904,4005900515933,Desodorante Fresh Ocean NiveaMen,2600
905,43,Chicle Groo 1 unidad,50
906,7441008154617,Tampones Aplicador Discreto Kotex 8u.,2990
907,7622202015212,Halls Negro Extra Fuerte - Lyptus 24.75g,450
908,7622210427137,Halls Purpura Fruit Sensations Blueberry,450
909,7622210427045,Halls Rojo Cherry 9unidades,450
910,7622210427199,Halls Multicolor Fruit Mix 9unidades,450
911,7802230070029,Chocolate de Leche Barra Trencito 150g,3500
912,7899970402586,Chocolate Barra Hershey's Air 85g,1900
913,7802200893498,Chocolate Barra Orly Sabor Trufa Ambrosoli 95g,1900
914,7802200894136,Chocolate Barra Orly Sabor Berrie Ambrosoli 95g,1900
915,7899970402807,Chocolate Barra Hershey's Branco 82g,1900
916,7802215101335,Chocolate Barra Carezza Costa 160g,3500
917,70330607880,Encendedor Bic 1800encendidas,400
918,7809604029782,Papel Higienico Scott Aromas 6rollos,1500
919,7808304354903,Juego K-Chi-Pun Fun Factory 8grs,1000
920,7808304354927,"Juego Mordida ""Wild Bite"" Fun Factory 5grs",1000
921,7808304355658,"Juego Bolita ""Funimals"" Fun Factory",1000
922,44,Cuchufli Arteanal,1000
923,7792860011212,Paleta Chupetoncito,500
924,7802225077750,Chicle acido Plutonita 22.5g,150
925,62020050526,Palitos de pan Nutella&Go 52g,2400
926,80906032,Chocolate Tronky Kinder 18g,400
927,7802500221663,Lasaña precocida Lucchetti 360g,2200
928,7790520990662,"Desinfectante aerosol fragancia bebe SCJohnson 285cc ""Lysoform""",3200
929,7790520990655,"Desinfectante aerosol Fragancia lavanda SCJohnson 285cc ""Lysoform""",3200
930,45,Maicena AgroSabor's 90g,600
931,7896004009230,Pringles Queso,1800
932,7891962064048,Pan Masa Madre Blanco Bauducco 390g,1600
933,7622202272219,Chicle Sandia Trident 8g,450
934,7622202272196,Chicle Fresa Trident 8g,450
935,7622202272172,Chicle Yerbabuena Trident 8g,450
936,7622202272943,Chicle Menta Trident 8g,450
937,46,Tomatitos 1k,1000
938,7891151039796,Caramelo Menta Freegells 27.9g,400
939,78012547,Alka Mentol 29g,400
940,78021365,Alka Menta 29g,400
941,78020153,Alka Miel 29g,400
942,78020146,Alka Cereza 29g,400
943,77989086,Alka2 Frio Manzana 28g,500
944,77967763,Alka2 Frio Naranja 28g,500
945,77967602,Alka2 Frio Cereza 28g,500
946,7802800002528,Barra chocolate Super choc Muibon 50g,400
947,8901234590140,"Incienso ""Mayan Myrrh""  15g",1000
948,7801235001878,Lomos Atun San Jose Al natural 160g,1800
949,7801235280112,Surtido de Mariscos Al Natural San Jose 190g,1800
950,8904234400037,Incienso Nag Champa 15g,1000
951,8909633955034,Incienso Sandalo 15unidades,1000
952,7802000013607,Papas Lay's Stax Original 134g,2400
953,7802820678154,"Bebida Deportiva Rojo 850ml ""Power Ade""",1100
954,7802820410204,Jugo Nectar de Naranja DelValle 400ml,1000
955,7801620114695,Bebida Express Pepsi 350ml,700
956,7801620005177,"Bebida Deportiva Naranja 1l ""Gatorade""",1800
957,7805633018957,Cotonitos FamilySet 200unidades,800
958,7802225426701,chubi 20gr,350
959,7802351121204,aceitunas huasco gon juan 200grs,2400
960,7802351421205,americana don juan 180grs,1200
961,7804602450071,pickles vari 200grs,1300
962,47,Sobre de Chuño Agrosabor's 90g,600
963,48,Caldo en Polvo Gourmet Variedas $200 / Paquete a $1000,200
964,7802810006752,Jugo Bombillin Naranja Watts 200ml,400
965,7802810006592,Jugo Bombillin Manzana Watts 200ml,400
966,49,Incienso Yatra,1000
967,7803403004025,takis fuego,1000
968,7802705401341,helado roll bresler,1350
969,7804609020581,jurel de reyes,1800
970,7801235131117,jurel san jose 425grs,2400
971,41789001918,maruchan instant,1400
972,7410031611985,champiñones rideti,1600
973,7809611702623,salchichas super cerdo sureña,1300
974,50,77932530035001,0
975,7793253003500,poett  lavanda,1900
976,7801620005160,gatorade 1000cc,1800
977,7801620005191,gatorade 750ml,1300
978,7801620011840,gatorade 500cc,1100
979,798190253701,score  gorilla,1400
980,7801620014681,Pepsi 1.5litros,2200
981,7801930000497,Medio kilo Queso Frutillar,5200
982,7801930019192,Queso Gauda Frutillar 250g,2990
983,7802225428279,Rocklet Arcor 30g,500
984,7802225430340,Mani Tifany's 20g,350
985,7800159081225,Ketchup Kraft 250,1600
986,7802200893481,Chocolate Barra Orly Sabor Naranja Ambrosoli 95g,1900
987,7802200893450,Chocolate Barra Orly Sabor Chirimoya Alegre Ambrosoli 95g,1900
988,7804658930077,Huevos de Campo,4500
989,40000001447,M&M Butter 240,1500
990,40000508830,M&M Caramel 190g,1500
991,7895144605678,Mentas Kiss 50unidades,2600
992,51,pañito bonito,1200
993,7804634400372,Queso Mantecoso Rumay 250g,1990
994,7802900001339,Queso Mantecoso Quilque Soprole 15laminas 250g,3200
995,7802215303159,Barra de cereal Golden CerealBar 21g,250
996,7802215101779,Rolls Crispy Costa 100g,1500
997,7802215101991,Rolls Nuts Costa 100g,1500
998,7802215101700,Rolls Crocante Costa 100g,1500
999,7802800575237,Jugo en Cajita Durazno Zuko 200ml,400
1000,7801915004403,Salchicha Sureña SuperCerdo 1kg 20unidades,4300
1001,7802800001866,Jugo en Polvo Naranja Platano Zuko 15g,250
1002,7802800001972,Jugo en Polvo Guayaba Zuko 15g,250
1003,7802800001873,Jugo en Polvo Mango Zuko 15g,250
1004,7802800001958,Jugo en Polvo Frutilla Zuko 15g,250
1005,7802800001897,Jugo en Polvo Melon Tuna Zuko 15g,250
1006,7802800576746,Jugo en Polvo Melon Tuna Livean 7g,250
1007,7802800576432,Jugo en Polvo Mazana Verde Livean 7g,250
1008,7750243066860,Ambientador Coco Tropical Sapolio 360ml,1900
1009,7805040004499,Aromatizante Chirimoya Alegre Arom 225g,1900
1010,7793253004231,Aromatizante Frescura Lavanda poett 360ml,2400
1011,7790520028792,"Aromatizante aerosol Flores tropicales y coco SCJohnson 327g ""Glade""",2400
1012,7790520028822,"Aromatizante aerosol Caricias de Algodon SCJohnson 327g ""Glade""",2400
1013,7790520028785,"Aromatizante aerosol Placer Floral y Frutos Rojos SCJohnson 327g ""Glade""",2400
1014,7805040000606,Aromatizante Frescura Citrica Arom 225g,1900
1015,7805040000552,Aromatizante Frutilla Crema Arom 225g,1900
1016,7805040000613,Aromatizante Lluvia de Flores Arom 225g,1900
1017,7805040000620,Aromatizante Vainilla en Flor Arom 225g,1900
1018,7802215104855,Chocolate Costa Rama 115g,2800
1019,7802215104848,Chocolate Almendra Vizzio 120g,2800
1020,7751851013260,Ambientador Vainilla Frescura Sapolio 360ml,1900
1021,7751851006002,Ambientador Jardin De Rosas Sapolio 360ml,1900
1022,7793253004323,Aromatizante Espiritu Play poett 360ml,2400
1023,7793253004248,Aromatizante Flores de Primavera poett 360ml,2400
1024,7801875061010,Te Hierbas Surtidas Supremo 20 bolsitas,1800
1025,7801875032010,Te la Rendidora Supremo 20 bolsitas,850
1026,7801875047113,Te Ceylan Premium Supremo 20 bolsitas,1800
1027,7805040001016,Desinfectante 99.9% Igenix,2600
1028,7802420125492,Mani Japones MarcoPolo 100g,1200
1029,7802420125430,Mani con Pasas MarcoPolo 100g,1800
1030,7802420009525,Mani sin Sal MarcoPolo 150g,1200
1031,7802000013737,Ramitas Evercrisp 48g,800
1032,7802000015748,Doritos 100g,1500
1033,7802000015779,Cheetos Evercrisp 110g,1500